{
  "Total" : {
    "transaction" : "Total",
    "sampleCount" : 5,
    "errorCount" : 0,
    "errorPct" : 0.0,
    "meanResTime" : 1101.0,
    "medianResTime" : 891.0,
    "minResTime" : 822.0,
    "maxResTime" : 1921.0,
    "pct1ResTime" : 1921.0,
    "pct2ResTime" : 1921.0,
    "pct3ResTime" : 1921.0,
    "throughput" : 0.5828185103158877,
    "receivedKBytesPerSec" : 0.2811643985312973,
    "sentKBytesPerSec" : 0.06772988547616272
  },
  "HTTP Request" : {
    "transaction" : "HTTP Request",
    "sampleCount" : 5,
    "errorCount" : 0,
    "errorPct" : 0.0,
    "meanResTime" : 1101.0,
    "medianResTime" : 891.0,
    "minResTime" : 822.0,
    "maxResTime" : 1921.0,
    "pct1ResTime" : 1921.0,
    "pct2ResTime" : 1921.0,
    "pct3ResTime" : 1921.0,
    "throughput" : 0.5828185103158877,
    "receivedKBytesPerSec" : 0.2811643985312973,
    "sentKBytesPerSec" : 0.06772988547616272
  }
}