{
  "Total" : {
    "transaction" : "Total",
    "sampleCount" : 6,
    "errorCount" : 0,
    "errorPct" : 0.0,
    "meanResTime" : 2025.9999999999998,
    "medianResTime" : 1945.5,
    "minResTime" : 1276.0,
    "maxResTime" : 2893.0,
    "pct1ResTime" : 2893.0,
    "pct2ResTime" : 2893.0,
    "pct3ResTime" : 2893.0,
    "throughput" : 0.7649158592554819,
    "receivedKBytesPerSec" : 0.36901214303926566,
    "sentKBytesPerSec" : 0.0888915891126976
  },
  "HTTP Request" : {
    "transaction" : "HTTP Request",
    "sampleCount" : 6,
    "errorCount" : 0,
    "errorPct" : 0.0,
    "meanResTime" : 2025.9999999999998,
    "medianResTime" : 1945.5,
    "minResTime" : 1276.0,
    "maxResTime" : 2893.0,
    "pct1ResTime" : 2893.0,
    "pct2ResTime" : 2893.0,
    "pct3ResTime" : 2893.0,
    "throughput" : 0.7649158592554819,
    "receivedKBytesPerSec" : 0.36901214303926566,
    "sentKBytesPerSec" : 0.0888915891126976
  }
}